10012B-22,52
10728B-21,32
11981A-21,62
Ackerley,14
Adamsen,11
Ade,9
Aida,38
Alarise,31
Alisia,10
Allare,1
Aloise,9
Alrich,13
Amand,9
Anderea,3
Anis,17
Annabella,22
Annice,44
Anton,22
Aprile,41
Ardeha,21
Ardra,1
Arley,15
Armanda,13
Astra,19
Atonsah,22
Ax,17
Bari,28
Bartlett,32
Bates,59
Berard,35
Bergman,33
Berne,26
Berriman,12
Bethany,35
Bevin,29
Bibi,18
Blake,13
Blisse,33
Bobbee,33
Bohlin,38
Bonucci,4
Bow,33
Breed,31
Brodench,45
Bryna,0
Burch,4
Burkle,45
Bury,12
Caitlin,20
Capello,9
Carbo,14
Carleen,8
Carmena,9
Carolin,10
Casimir,17
Catie,32
Celestine,18
Charmine,16
Chauncey,14
Chem,16
Chick,24
Christine,43
Ciapas,1
Cleo,2
Cloris,19
Cohdwell,5
Colbert,7
Constancy,5
Cookie,11
Corilla,0
Corrine,1
Cosenza,17
Couture,14
Cressida,14
Croix,12
Crudden,17
Dalli,18
Damarra,20
Danby,18
Daveta,24
Dawkins,20
Dearborn,33
Decato,25
Delacourt,33
Dielu,29
Dimitris,7
Diogenes,16
Dituri,28
Docilla,2
Dom,17
Dorine,29
Dorothy,7
Dosia,49
Douglass,36
Drisko,7
Dunkin,25
Dyche,23
Eachern,19
Eben,9
Eckblad,30
Edison,49
Egbert,26
Eiser,16
Eldrid,7
Eliathas,34
Emmy,5
Engdahl,23
Eno,18
Erb,12
Erlandson,20
Erskine,15
Estella,0
Etom,2
Euridice,25
Evangelia,61
Evvie,7
Fabiola,24
Faso,2
Felizio,15
Fiester,15
Fillbert,25
Firmin,31
Flita,9
Francyne,31
Frodi,45
Gaal,26
Gabrielli,10
Gale,9
Garek,28
Gavrila,26
Geffner,1
Gemini,20
Genna,10
Georas,36
Gert,15
Giff,35
Gilbertson,22
Gilmour,4
Girardo,25
Giule,12
Glenden,1
Glovsky,15
Goode,27
Gordon,13
Grayce,18
Greenwald,20
Grimbly,21
Haerr,22
Hailee,19
Haldas,20
Halla,59
Halsey,13
Hanshaw,30
Harned,48
Hathaway,30
Havens,18
Haymes,0
Heidt,28
Heisel,4
Helve,22
Henebry,32
Hermes,25
Hertzfeld,31
Hewitt,25
Hieronymus,23
Hillel,69
Hoban,1
Horan,30
Howlyn,21
Huggins,17
Hunfredo,20
Hurley,24
Hutchison,25
Idelia,17
Ietta,9
Iiette,73
Ilka,3
Iphlgenia,47
Isacco,28
Ivens,35
Jacqui,29
Janith,1
Jarib,33
Jary,2
Jefferey,30
Jena,42
Jerald,23
Jillane,33
Joachim,3
Joli,8
Jorgan,9
Juliet,33
Kamaria,33
Kannry,15
Karna,25
Karylin,3
Kat,73
Katrine,29
Kauppi,45
Kazimir,39
Keelia,12
Keily,19
Kendrick,31
Kermit,14
Kesley,4
Kiersten,39
Klotz,27
Knowling,19
Konyn,38
Korey,12
Kussell,28
Kylander,28
Lacombe,6
Lasley,33
Laurianne,28
Laverne,24
Lay,23
Lea,31
Leary,5
Leffen,14
Leifeste,28
Leopold,10
Lewes,30
Libna,9
Liebermann,67
Lilas,45
Lilybelle,2
Lindemann,22
Linehan,9
Linskey,6
Lissi,6
Liva,28
Lorain,51
Loring,7
Louanna,20
Lutero,31
Lymann,29
MacIntosh,15
Macey,28
Madaih,27
Magdalen,26
Maiah,29
Malanie,25
Malvino,26
Margarete,2
Marisa,33
Masao,37
Mata,42
Mathilde,14
Maurine,3
McClimans,6
McCutcheon,26
Means,12
Medrek,32
Meli,32
Milde,16
Minetta,23
Mintz,12
Miru,30
Mitzi,18
Montgomery,10
Morehouse,15
Morgun,15
Mullane,22
My,32
Narton,3
Natalia,21
Nea,19
Nedrud,11
Neils,20
Nester,18
Nicoline,26
Nisbet,18
Noam,22
Noman,31
Norrie,8
Norvol,49
O'Carroll,59
O'Neill,47
Obed,2
Ochs,11
Odell,30
Old,23
Orpah,30
Oscar,54
Oster,47
Ovid,19
Pacorro,13
Paine,3
Parette,33
Parsaye,17
Pattin,9
Payson,25
Pearse,16
Pelagias,6
Persse,29
Peti,27
Pettiford,6
Phi,30
Philipp,25
Philoo,8
Phyllis,1
Poppy,17
Prober,43
Prouty,37
Rad,12
Raffo,11
Raseda,18
Raul,22
Reidar,16
Remmer,6
Revkah,8
Rheingold,33
Richers,83
Ricki,8
Ries,2
Roarke,15
Rogerio,15
Romelda,22
Rosemary,40
Roumell,19
Rozanna,4
Rugen,70
Sadowski,24
Saint,31
Salchunas,6
Salvidor,33
Sancho,56
Sawtelle,17
Schenck,26
Schonfeld,8
Schroth,29
Schwejda,9
Screens,6
Seagraves,62
Secrest,2
Sekofski,32
Sharl,29
Shaver,5
Shelba,21
Sheng,30
Sholley,8
Si,20
Sibyls,20
Sinegold,21
Skell,16
Smitt,26
Sophronia,23
Standing,50
Stanwood,31
Stevy,35
Stilwell,12
Stoller,26
Stover,14
Suanne,21
Suk,29
Sundin,8
Swanhildas,24
Syd,29
Tacye,21
Tamsky,24
Tayib,41
Telfer,2
Teryn,31
Thar,14
Therine,21
Thomasina,18
Thornburg,16
Tice,12
Tippets,31
Toffic,23
Tomasina,17
Toni,18
Toor,1
Torray,17
Tound,6
Travax,10
Trey,15
Urania,12
Urias,14
Ursulette,15
Vanni,26
Vernier,12
Vharat,31
Waite,15
Warthman,19
Weaks,8
Weide,36
Wiener,26
Zenas,52
